{
  "total_decisions": 6000,
  "total_bets_triggered": 1376,
  "wins": 440,
  "losses": 936,
  "win_rate": 31.976744186046513,
  "roi_total": -496.0,
  "roi_avg": -36.04651162790697,
  "precision": 0.31976744186046513,
  "recall": 0.22916666666666666,
  "false_positive_rate": 0.22941176470588234,
  "auc_score": 0.38650297724213406,
  "confidence_threshold": 0.3,
  "danger_threshold": 0.35,
  "timestamp": "2025-12-02T16:23:26.711244"
}